﻿<?xml version="1.0"?>
<doc>
<assembly>
<name>
XfgTrayHelper
</name>
</assembly>
<members>
<member name="T:XfgTrayHelper.My.Resources.Resources">
<summary>
  Classe di risorse fortemente tipizzata per la ricerca di stringhe localizzate e così via.
</summary>
</member>
<member name="P:XfgTrayHelper.My.Resources.Resources.ResourceManager">
<summary>
  Restituisce l'istanza di ResourceManager nella cache utilizzata da questa classe.
</summary>
</member>
<member name="P:XfgTrayHelper.My.Resources.Resources.Culture">
<summary>
  Esegue l'override della proprietà CurrentUICulture del thread corrente per tutte le
  ricerche di risorse eseguite utilizzando questa classe di risorse fortemente tipizzata.
</summary>
</member>
<member name="P:XfgTrayHelper.My.Resources.Resources.chadetto">
<summary>
  Cerca una risorsa localizzata di tipo System.IO.UnmanagedMemoryStream simile a System.IO.MemoryStream.
</summary>
</member>
<member name="P:XfgTrayHelper.My.Resources.Resources.errore">
<summary>
  Cerca una risorsa localizzata di tipo System.IO.UnmanagedMemoryStream simile a System.IO.MemoryStream.
</summary>
</member>
<member name="P:XfgTrayHelper.My.Resources.Resources.letsgo">
<summary>
  Cerca una risorsa localizzata di tipo System.IO.UnmanagedMemoryStream simile a System.IO.MemoryStream.
</summary>
</member>
<member name="P:XfgTrayHelper.My.Resources.Resources.sium">
<summary>
  Cerca una risorsa localizzata di tipo System.IO.UnmanagedMemoryStream simile a System.IO.MemoryStream.
</summary>
</member>
</members>
</doc>
